"Argentina","Buenos Aires.","América.","46,23 milhões","36,3 milhões.","3,7 milhões.","Cristã.","Sem religião.","Argentinos brancos (72,1%), ameríndios (7,1%), outros hispânicos (7,0%), italianos (4,7%), originários do Oriente Médio (3,3%).","Espanhol.","40.","Recursos abundantes e mão de obra instruída. Forte recuperação desde 2001, depois de grandes perdas. Grande distanciamento entre ricos e pobres.","Independente da Espanha desde 1816. Democracia estável restaurada em 1983, depois de décadas de governos incapazes.","1 - Ore para que o Espírito continue a atrair muitos para si no país. A Argentina sofreu uma crise após outra, com o levante militar (1976), o desaparecimento de muitos opositores políticos, uma guerra fracassada pelas Ilhas Malvinas (1982) e um desastre econômico (1999-2002). Mas esses eventos levaram a nação a uma fome espiritual e atraíram muitos de volta a Deus. Também fortaleceram o compromisso do povo com a justiça e a democracia; 2 - Ore para que os líderes possam ouvir o que o Espírito diz à Igreja e, assim, atuar juntos em fé. Ore por uma liderança piedosa e unificada. Ore pelos alunos nas centenas de seminários e por escolas e cursos bíblicos.  Os cristãos evangélicos cresceram de menos de 1 milhão em 1980 para 3,7 milhões em 2010. Renovação, evangelismo e oração tocaram o país. Evangelistas, professores e missionários argentinos têm tocado o mundo; 3 – Ore por proteção e saúde espiritual dos cristãos. A Argentina aparenta sofisticação, mas enfrenta lutas espirituais. O oculto, o mormonismo, o islamismo e o espiritismo competem pela alma das pessoas. Uma fé fraca e estilos de vida que buscam o prazer influenciam o cristianismo; 4 - Ore para que a Igreja indígena amadureça e pelo trabalho em andamento da tradução da Bíblia em diversos idiomas. A maioria desses 26 grupos segue uma mistura de catolicismo e animismo (adoração de espíritos da natureza); 5 – Ore para o evangelho alcançar o povo que vive em Buenos Aires. É difícil alcançar a classe superior instruída. A comunidade judaica (uma das maiores do mundo) tem poucos crentes. Algumas igrejas iniciaram trabalhos entre os 500.000 habitantes de comunidades carentes, sem-teto e crianças de rua, mas é necessário mais trabalho. Comunidades chinesas, coreanas, japonesas e vietnamitas continuam a crescer, existindo apenas uma agência para alcançá-las; 6 - Ore pela visão missionária da Igreja nacional! Peça a Deus que cumpra os objetivos estabelecidos pelos líderes cristãos de preparar, enviar e sustentar muitos trabalhadores. A Argentina tem potencial para se tornar um país de destaque no envio de missionários.","-","Mandryk, Jason; Molly Wall (org.). Ore pelas nações: um guia completo de missões e intercessão pelo mundo. 1° ed. São Paulo: Mundo Cristão, 2017. [Trad. de Emirson Justino]","Argentina","https://flagcdn.com/w320/ar.png"
"Bahamas","Nassau.","América.","-","-","-","-","-","-","-","-","-","Bahamas faz parte das Ilhas Caribenhas, que oferecem ampla variedade de culturas e experiências, mas também compartilham características importantes. Claramente, possuem a mesma geografia. Essas pequenas ilhas se encontram todas numa zona tropical, o que afeta profundamente a vida insular. Ainda mais importante é o fato de compartilharem uma história colonial. Inglaterra, França, Holanda e Espanha competiram e travaram guerras imperiais nas ilhas e por elas. Essas guerras moldaram a população, a economia, a cultura e a religião do Caribe, além de outros aspectos.","Muitas ilhas sofrem com desastres naturais violentos. Isso traz sofrimento humano e muitos prejúizos sociais e econômicos. Ore pela população mais pobre, que depende do turismo e da agricultura, e para que a população consiga superar esses momentos de vulnerabilidade; Há muitas famílias arruinadas por imoralidade sexual, crimes, gangues, armas e abuso de drogas. Ore para que os sistemas social e de justiça tenham força para enfrentar esses desafios com eficácia; Apesar de grupos cristãos crescerem em muitos lugares, as comunidades caribenhas carecem de fome espiritual e precisam de reavivamento. Louve a Deus pela forte presença e história cristãs! Ore agora por uma nova obra do Espírito Santo; O Caribe precisa de trabalho ministerial. As igrejas precisam de unidade mais que qualquer outra coisa. Os cristãos não crescem espiritualmente com a rapidez e a profundidade que deveriam. Dois grandes gargalos limitam o crescimento cristão no Caribe: os crentes precisam de oportunidades para discipulado sério e os líderes das igrejas precisam de oportunidades para formação; Ore pelos imigrantes para que os preconceitos sejam derrubados e os cristãos locais preguem o evangelho para eles.","-","Mandryk, Jason; Molly Wall (org.). Ore pelas nações: um guia completo de missões e intercessão pelo mundo. 1° ed. São Paulo: Mundo Cristão, 2017. [Trad. de Emirson Justino]","The Bahamas","https://flagcdn.com/w320/bs.png"
"Belize","Belmopan.","América.","313000","263.000.","59.000.","Cristã.","Sem religião.","Mestiço/ladino (46,7%, principalmente de origem guatemalteca e hondurenha), crioulo de Belize (25%), ameríndios (10,6%, garifunas (6%, caribenhos negros), europeus (4,9%), indianos do leste (3%), chineses (2,7%).","Inglês. O espanhol é falado pela maioria.","12","Sólido crescimento econômico, mas possui o mais elevado custo de vida da América Central. Pobreza disseminada.","Democracia parlamentarista sólida. Antiga Honduras Britânica, independente desde 1981.","1 - Ore para que haja reavivamento e convicção espiritual que ponha fim à confusão nas crenças. O A maioria dos belizenhos professa o cristianismo, mas apenas 10% da população frequenta uma igreja regularmente. As pessoas precisam encontrar o verdadeiro evangelho de maneiras que sejam significativas e sensíveis à sua cultura. Os imigrantes de fala hispânica às vezes misturam a Verdade com superstições, paganismo e magia negra; 2 - Ore pelos esforços para reunir os crentes de fala hispânica, inglesa, alemã e maia. Os evangélicos cresceram de 4,6% da população (1960) para 19% (2010). Eles agora trabalham para superar os desafios presentes. A diversidade cultural e denominacional em Belize cria uma barreira entre as igrejas. Chega a 70% o número de pastores que precisam de outro emprego. Eles entendem a necessidade de formação, mas a distância e os custos dificultam a participação em programas específicos; 3 - Ore por parcerias frutíferas, onde todos possam contribuir para os propósitos do Reino. Muitas viagens missionárias se concentram nessa pequena nação. A grande quantidade de trabalho médico e de alfabetização é positiva, mas sua presença constante cria confiança nos crentes estrangeiros, e não na Igreja nacional; 4 – Ore pelos povos menos alcançados que são: os garifunas, maias, chineses e indianos (quase todos hindus ou muçulmanos). Cada grupo precisa de um ministério mais claro e mais envolvido culturalmente.","-","Mandryk, Jason; Molly Wall (org.). Ore pelas nações: um guia completo de missões e intercessão pelo mundo. 1° ed. São Paulo: Mundo Cristão, 2017. [Trad. de Emirson Justino]","Belize","https://flagcdn.com/w320/bz.png"
"Bolívia","La Paz.","América.","10 milhões. ","9,1 milhões. ","1,6 milhão.","Cristã.","Religiões étnicas.","Mestiços (43,7%, incluindo mestiços brancos e afro-bolivianos), ameríndios das terras altas (49,8%), ameríndios das terras baixas (3,8%), alemães (2%).","Espanhol, aimará e quíchua. ","41","Já foi a região mais rica da América do Sul, mas hoje é sua nação mais pobre. Descobertas de reservas de gás natural aumentam as esperanças de crescimento futuro.","Independente da Espanha desde 1825, depois de uma longa guerra pela liberdade. Em 160 anos depois da independência, houve mais de 200 golpes ou revoluções bem-sucedidos. Democracia estável desde 1985. Aumento no respeito pelos direitos dos grupos indígenas e dos pobres.","1 - Ore pela maturidade dos líderes, que agora precisam passar a fé adiante para a próxima geração, com práticas cristãs que honrem a Deus e a herança deles. Trabalhadores estrangeiros podem agora ajudar a treinar líderes, alcançar jovens e servir em ministérios holísticos. Uma colheita de novos crentes surgiu, mas os primeiros missionários enfrentaram perseguição, além de condições iniciais muito duras; 2 - Ore para que as pessoas em posição de poder e os que estão na pobreza encontrem coragem para rejeitar as tentações e tomar decisões sábias. Tanto as igrejas como o governo desejam ajudar os pobres. Estima-se que 70% da população da Bolívia vive na pobreza e metade desse percentual vive na extrema pobreza. Os fazendeiros bolivianos ganham mais dinheiro com a folha de coca que com outros produtos, mas alguns usos da coca são ilegais. Ricas reservas de gás no leste levam a tensão entre a elite branca, os povos das terras altas do oeste e os mestiços e indígenas do leste; 3 – Ore pelo despertar da Igreja para a profunda influência do inimigo e no enfrentamento dele. Ore até que Deus transforme a Bolívia do poder do inimigo por séculos de paganismo; 4 – Ore para líderes evangélicos ajudar a liderarem na batalha da Bolívia contra a pobreza, a injustiça e o mal, permitindo que os valores do Reino guiem suas palavras e seus atos. Cristãos evangélicos cresceram grandemente em número e influência, mas enfrentam desafios. Alguns seguem ensinamentos falsos ou fracassam moralmente sem boa disciplina e conhecimento bíblico; 5 - Ore para que as igrejas entendam a importância dos ministérios para jovens e crianças. Peça também a Deus que trabalhe por meio do ministério de rádio nos locais menos alcançados, onde os altos índices de analfabetismo, pobreza e isolamento limitam o acesso ao evangelho por outros meios. O desemprego, a violência urbana e as drogas amplamente disponíveis tentam muitos jovens. Mais de 67% da população tem menos de 30 anos. A maioria das crianças vive na pobreza e sofre de desnutrição. Estima-se que 100.000 vivam nas ruas. Quase todos os meninos experimentam drogas e muitas das meninas sofrem abuso sexual.","-","Mandryk, Jason; Molly Wall (org.). Ore pelas nações: um guia completo de missões e intercessão pelo mundo. 1° ed. São Paulo: Mundo Cristão, 2017. [Trad. de Emirson Justino]","Bolivia","https://flagcdn.com/w320/bo.png"
"Brasil","Brasília.","América.","195,4 milhões. ","178,6 milhões. ","51,3 milhões.","Cristã.","Sem religião.","Grupos europeus (50,2%), raças misturadas (38%), africanos (6,4%),árabes (4%), ameríndios (0,4%). 275 grupos tribais falam 185 idiomas diferentes.","Português. ","193","O crescimento recente, que tornou o país uma potência econômica, corre agora o risco de um retrocesso.","República federativa. Democracia multipartidária desde 1985, após décadas de governos militares.","1 - Ore para que o crescimento evangélico no Brasil seja saudável.  Cresceram de 2 milhões em 1960 para mais de 50 milhões em 2010. Eles compõem uma das maiores populações evangélicas do mundo e são muito fortes em reuniões e movimentos de oração. Ore por igrejas mais saudáveis em todos os cantos do país; 2 – Ore para que os governos futuros busquem pôr fim à corrupção. A justiça e a oportunidade econômica cresceram. Mas a pobreza afeta dezenas de milhões, e muitos ainda vivem em comunidades dominadas pelo crime. Os criminosos exploram sobretudo as crianças de rua e os povos indígenas, e pode haver mais de 250.000 pessoas afetadas pela escravidão às dívidas. O Brasil é o segundo maior consumidor mundial de drogas ilegais e tem a maior taxa de homicídios por arma de fogo. É preciso haver sérias mudanças espirituais, sociais e econômicas. Ore para que haja uma resposta sábia da Igreja de modo que combine plantação de igrejas e desenvolvimento; 3 - Ore para que as pessoas que sofrem opressão espiritual sejam libertas por meio do poder e da verdade de Jesus. O Brasil é espiritualmente aberto, mas isso pode ser bom e ruim. Milhões praticam o espiritismo e o catolicismo ao mesmo tempo! Muitos seguem cultos influenciados por animismo e bruxaria africanos. Ore para que o Espírito Santo exponha as mentiras desses cultos e dos sacerdotes e guias espíritas; 4 - Ore pela igreja brasileira e por líderes dedicados à humildade e à fidelidade. Um maior compromisso com a formação pastoral é encorajador, mas com mais de 200.000 congregações ainda há muito trabalho a realizar. Ore também por maior unidade e cooperação. A diversidade de igrejas é uma bênção, mas às vezes leva à rivalidade e ao ciúme. Um número excessivo de grupos dá mais atenção ao crescimento numérico que ao discipulado. Isso leva a igrejas imaturas, ao erro espiritual e à mudança constante de crentes de uma igreja para outra. Soma-se ao problema a “teologia da prosperidade’’. Estilo de vida de celebridade, escândalos e falta de prestação de contas entre pastores prejudicam as igrejas; 5 - Ore para que mais igrejas tenham uma visão de missões. Peça ao Senhor da colheita que envie e sustente esses trabalhadores. Ore para que eles perseverem e deem fruto. O Brasil tornou-se nação líder no envio de missionários em uma geração. A fé, a energia, a adaptabilidade e o talento (esportes, música, dança) brasileiros abrem portas! Infelizmente, preparação ruim e falta de apoio às vezes minam seus esforços; 6 – Ore pelas muitas regiões do Brasil que ainda carecem de presença evangélica. Ore especificamente: região nordeste (pobre e menos desenvolvida, tem o menor percentual de evangélicos, especialmente Piauí e Ceará), regiões dominadas pelo crime (guerras entre chefes de facções criminosas e a polícia costumam transformar inocentes em vítimas), os ricos e poderosos, minorias étnicas, crianças em situação de risco (altos índices de trabalho infantil e prostituição); 7 - Ore também por sensibilidade na ministração aos grupos ameríndios espalhados pelo Brasil. Esses povos indígenas sofreram séculos de opressão, exploração e coisas piores. A maioria delas só pode ser alcançada por barco. A plantação de igrejas é difícil em razão do isolamento e da pobreza, mas várias organizações enviam barcos missionários. Peça também a Deus que abençoe os 45 esforços de tradução da Bíblia em andamento e que envie obreiros para ajudar no trabalho com as dez línguas que ainda carecem das Escrituras; 8 – Ore para que a Igreja encontre meios eficazes de alcançar os imigrantes que chegam ao Brasil. Dentre eles: comunidade japonesa (maior fora do Japão e com prática espiritual que mistura o xintoísmo e o budismo), chineses étnicos, judeus, muçulmanos árabes e turcos. ","-","Mandryk, Jason; Molly Wall (org.). Ore pelas nações: um guia completo de missões e intercessão pelo mundo. 1° ed. São Paulo: Mundo Cristão, 2017. [Trad. de Emirson Justino]","Brazil","https://flagcdn.com/w320/br.png"
"Canadá","Ottawa.","América.","33,9 milhões.","24,4 milhões.","2,6 milhões.","Cristã.","Islã.","Europeus de fala britânica (36%), de fala francesa (15,8%, a maioria em Quebec), de origem mista (14,5%), outros europeus (13,7%, incluindo muitos alemães, italianos e ucranianos), chineses (3,2%), sul-asiáticos (3,1%), indígenas (2,9%).","Inglês e francês. ","169","Uma das principais nações industrializadas do mundo, com a menor dívida pública do GB. A abundância de recursos naturais aponta para um futuro forte. A indústria de serviços fornece a maioria dos empregos.","Monarquia constitucional (país membro da Comunidade Britânica de Nações) com democracia parlamentarista multipartidária. Diferenças entre Quebec (de fala francesa) e as outras províncias (de fala inglesa) apresentam ocasionais ameaças à unidade nacional. Grandes porções de terra foram devolvidas aos povos das Primeiras Nações.","1) A influência cristá sobre a sociedade canadense declinou no decorrer do último século. A população não religiosa foi a que mais aumentou enquanto os cristãos deixavam a Igreja, mas outras religiões cresceram rapidamente por meio de imigração e de altas taxas de natalidade. As igrejas tradicionais, especialmente aIgreja Unida eaIgreja Anglicana, tornaram-se mais liberais em suas crenças em relação a Deus e à Bíblia. Também tiveram redução no número de membros.2) O catolicismo é a maior influência religiosa no país. Imigrantes trazem nova vida à Igreja Católica. Igrejas urbanas são multiculturais evívidas. Ministérios de renovação carismática como Catholic Christian Outreach eoNational Evangelization Teams contribuem para ocrescimento da Igreja por todo o país. Ore pela renovação tão necessária, primeiro na Igreja e, então, expandindo- senovamente para asociedade.O Os cristãos evangélicos eram 25% da população em 1900, mas são apenas 8% hoje. Alguns grupos evangélicos e carismáticos de fato cresceram, mas a população cristã em geral e o evangelho perdem influência. Palavras como “evangélico” e “novo nascimento” soam suspeitas para as pessoas, e a mídia mostra hostilidade ao cristianismo bíblico. Ore para que os cristãos superem essas suspeitas com humildade, paciência, sabedoria e amor. Os evangélicos no Canadá vêm de etnias, culturas, denominações e grupos etários diferentes. Ore para que essa diversidade seja um testemunho da verdade edo poder do evangelho!4) O Quebec tem a herança católica mais forte. Mais de 80% das pessoas se dizem católicas, mas o comparecimento à igreja ali é omenor em todo o Canadá. Ideias seculares e modernas dominam a cultura de maioria francesa. Alguns veem as igrejas evangélicas como seitas. O pequeno número de evangélicos em Quebec vem de igrejas francesas, inglesas e de imigrantes protestantes, assim como da Igreja Católica. De tempos em tempos, a região mostra o desejo de se separar do Canadá. Ore por unidade, comunhão e colaboração entre os evangélicos e para que essa província contribua positivamente para a história da redenção no Canadá.5) Os povos indígenas canadenses sofreram tratamento vergonhoso no passado. Tanto o governo como a Igreja (principalmente a de origem europeia) abusaram desses povos de maneiras dolorosas. Para seguir adiante, as pessoas devem se arrepender e perdoar. Ore pela Comissão da Verdade e Reconciliação, iniciada em 2010. Os povos das Primeiras Nações possuem 600 reservas no Canadá, todas com populações pequenas. Muitos indígenas canadenses são chamados de cristãos, mas boa parte deles não pratica sua fé. Ore para que os líderes e as igrejas que representam a cultura das Primeiras Nações plantem outras igrejas! Nos últimos dez anos, 6 idiomas receberam o Novo Testamento. Os tradutores agora trabalham em outros 6 projetos, mas 27 idiomas nativos não possuem as Escrituras. Missões evangelizam e plantam igrejas nas difíceis partes do norte do país. Houve reavivamento entre os inuítes, no Ártico. Ore para que o poder do evangelho transforme aquelas comunidades! Grande quantidade de indivíduos originários de povos das Primeiras Nações vive em cidades como Toronto, Winnipeg, Edmonton eRegina. Muitos vivem na pobreza e sofrem com o abuso de drogas. Alguns mistérios os alcançam, mas os evangélicos muitas vezes desprezam esse desafio que está à sua porta.6) A nação de imigrantes agora acolhe imigrantes. O Canadá possui uma das maiores taxas de imigração do mundo e recebe muitos refugiados. A maioria vive em Toronto, Montreal e Vancouver. Ore especialmente por estes povos: À população chinesa (1,4 milhão). Existem cerca de 400 congregações entre eles. Enfrentam o desafio dos imigrantes da segunda geração, que às vezes deixam a Igreja, assim como a separação da comunhão cristã mais ampla.« Sul-asiáticos (mais de 1 milhão), o maior bloco de pessoas não alcançadas do Canadá. Amaioria é de hindus, siques e muçulmanos. Vancouver é a segunda maior comunidade siquedo mundo.« Povos muçulmanos. A maioria é de origem árabe, mas agora há também afegãos, curdos,somalis, sudaneses, africanos do leste emuçulmanos do sul da Ásia. Há pouquíssimos ministérios ou igrejas trabalhando no meio deles. Os poucos cristãos são principalmente do Líbano ou da Palestina.Ore para que as igrejas urbanas cheguem até esses povos não alcançados que Deus colocou perto de suas igrejas e lares! Houve um tempo em que o Canadá sentia orgulho de como enviava ajuda e forças pacificadoras, e também muitos missionários, para todo o mundo. Mas o número de missionários decresceu. Ore para que mais igrejas e indivíduos se juntem na evangelização dos não alcançados ao redor do mundo.","-","Mandryk, Jason; Molly Wall (org.). Ore pelas nações: um guia completo de missões e intercessão pelo mundo. 1° ed. São Paulo: Mundo Cristão, 2017. [Trad. de Emirson Justino]","Canada","https://flagcdn.com/w320/ca.png"
"Chile","Santiago.","América.","17,1 milhões. ","14,9 milhões. ","3,2 milhões.","Cristã.","Sem religião.","Hispânicos (95,9%), ameríndios (3,2%).","Espanhol, mas o mapudungun é cada vez mais reconhecido.","7","Bem desenvolvida, baseada na mineração. A pobreza ainda é bastante disseminada.","República desde 1810. Democracia desde 1989, após décadas de um regime repressivo.","1) O O Chile hoje sustenta um governo democrático, uma economia estável eem crescimento, além de reformas recentes na educação e no tratamento da pobreza. Os últimos anos sob o governo de Augusto Pinochet (1973-1988) foram uma era dolorosa de injustiça e repressão. O regime assassinou mais de 3.000 pessoas e cometeu abusos contra muitos outros milhares. Perdão e graça se fazem necessários para que as feridas nacionais sejam curadas.2) Novas liberdades para o povo trouxeram mudanças positivas e negativas. O crime e o abuso de drogas continuam a crescer. Quase 15% dos nascimentos vêm de mães com idade abaixo de 19 anos. Muitas pessoas agora se separam de grupos religiosos como catolicismo e pentecostalismo. Ore para que os chilenos honrem os aspectos positivos de sua família e sociedade tradicionais. Ore para que o governo, as igrejas e as missões tratem do enorme abismo que existe entre ricos e pobres.O A Igreja Católica Romana perde membros e influência. Hoje, apenas 12% a 13% dos católicos frequentam a missa regularmente. A maioria dos católicos tornou-se evangélica ou pentecostal, mas muitos se tornaram não religiosos. Entre outros problemas, a Igreja não concedeu ajuda suficiente aos pobres ou não se opôs à injustiça durante o regime de Pinochet. Ore para que os estudos bíblicos se deem em um nível mais profundo, de modo que muitos possam ter sua fé renovada edescobrir oJesus vivo!4) Um reavivamento pentecostal aconteceu na Igreja Metodista em 1909 e deu início a um movimento local dinâmico. O crescimento continua em quase todas as denominações, com evangélicos nelas! Os evangélicos têm hoje boas oportunidades de influenciar a sociedade. Infelizmente, o Chile tem o movimento pentecostal mais dividido do mundo. Igrejas e denominações se separam e se definem novamente para formar centenas de grupos pentecostais independentes. Ore para que haja compromisso com a unidade entre todos os grupos cristãos.(5) A Igreja chilena carece de visão missionária. O Chile poderia fazer mais para enviar e apoiar missionários. ACOMIBAM (Cooperación Misionera Iberoamericana) eoutras agências possuem programas de preparo formal para missões que despertam algum interesse. Quase 90% dos evangélicos pertencem a grupos locais que alcançam muitos, mas não trabalham juntos, local ou globalmente. Ore para que existam elos com a Igreja global para missões e ministério. Ore para que o trabalho de missionários estrangeiros no Chile incentive uma visão de missões.(6) As minorias étnicas no Chile têm vida difícil eécomum sofrerem preconceito.« Os mapuches (que falam mapudungun) são cerca de 70% católicos, mas a velha religião e os xamãs ainda exercem a maior parte da influência. Os tradutores completaram o Novo Testamento em mapudungun em 1997.e Os rapanuis (habitantes da Ilha de Páscoa, da Polinésia) vivem hoje principalmente nocontinente. Sua cultura eidioma desaparecem àmedida que turistas, aindústria do cinema e as dores do alcoolismo e da aids invadem sua sociedade. Quatro congregações evangélicas e alguns missionários agora os atendem.* Imigrantes palestinos. Santiago possui hoje mais de 70.000 cristãos palestinos, a maior concentração do mundo fora da Palestina.","-","Mandryk, Jason; Molly Wall (org.). Ore pelas nações: um guia completo de missões e intercessão pelo mundo. 1° ed. São Paulo: Mundo Cristão, 2017. [Trad. de Emirson Justino]","Chile","https://flagcdn.com/w320/cl.png"
"Colômbia","Santa Fé de Bogotá.","América.","46,3 milhões.","43,7 milhões. ","3,5 milhões.","Cristã.","Religiões étnicas.","Mestiços: euríndios (57,6%), brancos de fala hispânica (20%), mulatos: europeus/negros (14%), afro-colombianos (4%), zombos: afro-índios (1,9%), ameríndios locais (1,6%).","Espanhol","83","Rica em recursos. Petróleo, carvão e cocaina são as principais exportações. A Colômbia fornece 90% da cocaína dos Estados Unidos, de modo que pequenos fazendeiros sofrem a tentação de cultivá-la. O tráfico de drogas costuma ser controlado por grupos guerrilheiros ou por exércitos particulares de traficantes. Enorme distância entre ricos e pobres.","Independente da Espanha desde 1819 e estado independente desde 1831. São 170 anos de divisões políticas, ditaduras e guerras civis. Alguns apoiaram violentos grupos guerrilheiros marxistas, outros se alinharam a cartéis. O processo de paz iniciado em 2004 trouxe estabilidade e diminuição da violência.","1) A Colômbia tem mais estabilidade. Assassinatos, sequestros e taxas de criminalidade decresceram recentemente. Milhares de grupos guerrilheiros e paramilitares depuseram suas armas no processo de paz. Os problemas continuam, mas o progresso encoraja muitos. Ore para que o governo seja forte em seu posicionamento contra a violência e seja justo à medida que leva a nação adiante. ACEDECOL (Confederação Evangélica da Colômbia) fez uma declaração formal contra a violência e delineou um processo de paz. Isso dará mais importância ao papel da Igreja e incentivará a cooperação, m(5) Inimigos físicos e espirituais do evangelho alvejam os missionários. Missionários estrangeiros vivem sob ameaça de sequestro, assassinato e extorsão financeira. À visão missionária colombiana cresce. Enquanto alguns colombianos trabalham fora do país, a maioria trabalha de formaa transcultural no próprio país. Vários grupos ameríndios permanecem fechados aos estrangeiros, mas os missionários colombianos procuram alcançar todas as tribos. Ore por coragem e fé tanto para missionários nativos como estrangeiros. Ore especialmente para que os cristãos alcancem a comunidade muçulmana (35.000), de origem principalmente síria, libanesa epalestina.(6) Os ameríndios sofrem oposição e discriminação. Os colombianos costumam desprezar sua contribuição para a cultura e a sociedade. A maioria é pobre, menos instruída e vulnerável aos conflitos violentos e abuso de terras. O Novo Testamento não está presente em 37 idiomas ameríndios, e 25 deles não possuem nenhuma porção das Escrituras. Grupos violentos sequestraram ou mataram alguns tradutores bíblicos. Alguns grupos perseguem os cristãos ameríndios e os forçam a voltar para suas antigas práticas religiosas. Dos 94 grupos ameríndios, 15 permanecem isolados e não evangelizados. Ore para que todos esses grupos preciosos encontrem o evangelho antes que desapareçam por completo.as também transformará cada vez mais os evangélicos em alvos. Ore para que haja soluções pacíficas.2) Ore para que Deus rompa o poder de Satanás na Colômbia. Antigos grupos de luta se transformaram em gangues que lucram com a cocaína e o sequestro. A produção de cocaína aumenta e, agora, ameaça até mesmo os parques nacionais e as reservas naturais. Milhares morrem em decorrência da violência ligada às drogas, o que produz grande número de órfãos e viúvas. Bogotá tem um dos maiores percentuais de crianças de rua da América Latina. A Colômbia tem o segundo maior número de pessoas desalojadas internamente (3 milhões). Outros 3 milhões saíram do país. Os crentes enfrentam intimidação, destruição de propriedades, assassinato e matanças. Dezenas de pastores e sacerdotes morrem todos os anos. Ore por todos que sofrem perdas, para que o Senhor supra suas necessidades. Proclame o senhorio de Cristo sobre os espíritos de violência, vingança, ilegalidade e corrupção, assim como sobre as práticas ocultas. Tudo isso levou a nação a seu ponto mais baixo.O A Igreja Católica Romana perdeu membros e influência. Mudanças na constituição (1991) garantiram liberdade religiosa e, com isso, muitos católicos saíram para juntar-se a grupos evangélicos. Em geral, os católicos preservam valores tradicionais, mas apenas 25% praticam sua fé. Um forte movimento carismático cresce entre os católicos ativos. Ore por uma renovação dentro do catolicismo que possa despertar a Igreja.4) A Igreja continua acrescer, mesmo em tempos de crime, terror ehomicídio. Os evangélicos são 7,5% da população, e os carismáticos, cerca de 18%. Igrejas indígenas locais são as que mais crescem. Programas de evangelização local, urbana e nacional multiplicam congregações e novos convertidos. A prisão de Bellavista, em Medellín, foi um dia chamada de “inferno na terra” Crentes oraram pela prisão e nela testemunharam, e antigos criminosos se voltaram para Cristo. Eles oram, jejuam e evangelizam, e a prisão agora tem uma estação de rádio cristã e um instituto bíblico! A visão Amanecer Colombia, de âmbito nacional, busca plantar 18.000 novas igrejas no país. Ore pelos líderes. ","34º","Mandryk, Jason; Molly Wall (org.). Ore pelas nações: um guia completo de missões e intercessão pelo mundo. 1° ed. São Paulo: Mundo Cristão, 2017. [Trad. de Emirson Justino]","Colombia","https://flagcdn.com/w320/co.png"
"Costa Rica","San José.","América.","4,6 milhões. ","4,4 milhões. ","689.000.","Crista.","Sem religião.","Costarriquenhos (76,9%), mestiços (9,4%), outros latino-americanos (7,6%), jamaicanos/crioulos (1,3%), ameríndios (1,1%). Entre 500.000 e 700.000 refugiados e trabalhadores migrantes nicaraguenses."," Espanhol. ","13","O recente crescimento no turismo e no setor de tecnologia ajudaram a economia em depressão. Em torno de 20% da população vive na pobreza. País líder na conservação ecológica.","Independente da Espanha desde 1821. Governo estável, democracia multipartidária.","1) Os evangélicos na Costa Rica chegaram a 15% da população e estabeleceram um dos movimentos missionários mais eficientes da América Latina. Mas a Igreja precisa de oração. A maioria das igrejas costarriquenhas é boa em ganhar “convertidos; mas falha no discipulado deles. Pastores sobrevivem com rendimentos muito baixos e recebem pouca ajuda, de modo que têm dificuldades para prover cuidado pastoral consistente. Os cristãos costumam desaparecer em momentos difíceis ou se mudam para igrejas diferentes.2) A renovação carismática tocou a Igreja Católica Romana. Muitos encontraram fé pessoal em Cristo, e isso fortaleceu a Igreja Católica. Do total da população, 73% são católicos, mas a maioria não pratica sua fé. Ore para que os carismáticos que permanecem na Igreja Católica tragam mais renovação ao catolicismo tradicional,O Ministérios e missões. A Aliança Evangélica da Costa Rica reúne muitas denominações evangélicas para evangelismo emissões. Ore por um programa novo, chamado Costa Rica Século XXI, que promove o desenvolvimento de igrejas. A Costa Rica oferece algumas das melhores opções de formação cristã na América Latina, com 26 escolas bíblicas e seminários, além de um programa de estudo teológico por extensão bastante amplo. A estabilidade do país fornece uma base ideal para muitos ministérios regionais e globais. Os ministérios e missões nacionais aumentam à medida que a Igreja da Costa Rica amadurece.4) Ore para que estes povos possam ter igrejas nativas ebíblicas em seu meio:* Astribos ameríndias são pequenas em número, mas cada um dos cinco grupos é singular em sua cultura e especial para Deus. Uma Igreja nativa e ativa cresce entre os cabécares. Os bribris agora possuem um Novo Testamento, depois de quase cem anos de trabalho de tradução!- A comunidade afro-caribenha mekitelyu (na costa do Caribe). Poucos possuem uma fé transformadora em Cristo. Ore por reavivamento nessas igrejas protestantes.- A população chinesa aumentou rapidamente, e agora existem algumas comunidades evangélicas em crescimento. Ore para que trabalhadores da Costa Rica e a diáspora chinesa alcancem essas pessoas. * Imigrantes árabes, iranianos e sul-asiáticos chegaram à Costa Rica. A maioria é hindu ou muçulmana.(5) Dois terços dos costarriquenhos têm menos de 30 anos. Alcoolismo, vício em drogas, violência eimoralidade ameaçam essa geração. Muitos problemas sociais existem na “Rua da Amargura” próxima à universidade nacional. Ore por evangelismo continuado da parte de alunos cristãos e ministérios jovens (IFES, Campus Crusade for Christ eoutros).","-","Mandryk, Jason; Molly Wall (org.). Ore pelas nações: um guia completo de missões e intercessão pelo mundo. 1° ed. São Paulo: Mundo Cristão, 2017. [Trad. de Emirson Justino]","Costa Rica","https://flagcdn.com/w320/cr.png"
"Cuba","Havana.","América.","11,2 milhões. ","6,3 milhões. ","981.000.","Cristã.","Cristã.","Hispânicos brancos (62%), mulatos e mestiços (25%) e negros (11%), asiáticos (1%, principalmente chineses).","Espanhol. ","4","A falta de coisas essenciais afeta muitas pessoas, embora o país possua altos padrões de saúde e alfabetização. O turismo exerce papel importante.","Independente da Espanha desde 1898. Fidel Castro levou o comunismo ao poder em 1959.","1) Cuba enfrenta um futuro difícil. Os líderes do Partido Comunista detêm o poder, mas essa abordagem econômica não pode durar para sempre. A economia édas mais fracas do Caribe, e um número muito pequeno de jovens permanece para apoiar a geração mais velha. A pobreza profunda levou a um bem-sucedido mercado negro, com disseminação de crime, drogas e prostituição. O regime aprisionou mais de 500.000 indivíduos por motivos políticos, e mais de 1 milhão de pessoas se tornaram refugiadas nos Estados Unidos. Ore para que a diáspora cubana encontre Cristo einfluencie sua terra natal. Ore por reformas razoáveis, liberdade eperdão, epara que toda a indústria construída em cima do mal seja superada pelo bem.2) A maioria dos cubanos professa o catolicismo, mas a fé muitas vezes está profundamente mesclada com oespiritismo. Religiões afro-caribenhas como asanteria eoutros cultos similares ao vodu haitiano podem ter mais de 3 milhões de seguidores. Ore para que os cristãos mostrem amor, compreensão e poder espiritual a fim de ver muitos libertos do laço satânico. Menos de 10% dos católicos vão à missão, mas os poucos crentes verdadeiros agora presenciam crescimento após décadas difíceis. Ore para que a Igreja Católica se torne um lugar onde milhões encontrem Jesus.O Louve a Deus pelo crescimento nas igrejas evangélicas! Os protestantes dobraram de número de 1995 até 2010, e muitos novos convertidos são jovens. A perseguição refinou a Igreja, que cresceu em união e em vida de oração. Os cristãos com poucos recursos externos ainda ministram de formas ousadas e criativas. Deus trouxe maturidade e confiança por meio do sofrimento. Ore para que essa comunidade de fé seja uma luz para a nação.4) A opção por seguir a Jesus ainda é um sacrifício, mesmo a perseguição sendo menor que no passado. O governo dificulta a construção de novas igrejas e às vezes chega a aprisionar os líderes. A dúzia de escolas bíblicas ou seminários evangélicos e as duas católicas enfrentam obstáculos do governo ecarecem de fundos eprofessores. As igrejas precisam urgentemente de Bíblias ematerial em espanhol. Ore por coragem eperseverança dos crentes sofredores. Louve aDeus por líderes que permanecem em Cuba e levam adiante o longo e dificil trabalho de servir às pessoas.","22º","Mandryk, Jason; Molly Wall (org.). Ore pelas nações: um guia completo de missões e intercessão pelo mundo. 1° ed. São Paulo: Mundo Cristão, 2017. [Trad. de Emirson Justino]","Cuba","https://flagcdn.com/w320/cu.png"
"El Salvador","San Salvador.","América.","6,2 milhões. ","5,9 milhões.","2 milhões.","Cristã.","Sem religião.","Hispânicos (90,1%), meio-indígenas (4,5%), pipil/asteca (4%), lenca (0,8%).","Espanhol. ","7","Exploração e guerra impediram o desenvolvimento por décadas. À melhoria entre 1991 e 2005 reduziu pela metade os números da pobreza. Mais de 30% dos salvadorenhos vivem fora do país por causa da migração econômica.","Tornou-se independente da Espanha desde 1821 e da Federação da América Central em 1838. Ditaduras corruptas levaram a uma revolta organizada de 1980 até o acordo de paz de 1992. Governo democrático agora mais estabelecido.","1) Paz, estabilidade e democracia existem desde 1992, depois do sofrimento da guerra civil. As eleições agora substituem os assassinatos. Deus respondeu às orações! O país deve priorizar a recuperação das feridas feitas por séculos de opressão e doze anos de guerra civil. Mais de 75.000 morreram em luta ou por esquadrões da morte, e sabe-se que 20% da população fugiu. Ore por arrependimento, reconciliação euma sociedade justa, baseada em respeito aos direitos humanos.2) As igrejas evangélicas cresceram em meio à guerra civil. Deus realizou um milagre moderno! Os crentes plantaram quase 9.000 igrejas na década de 1990. O país ainda precisa de mais congregações evangélicas, mas o ritmo do trabalho diminuiu. El Salvador tem algumas das maiores megaigrejas da América Latina. A Elim e o Tabernáculo Bíblico Bautista possuem, cada um, mais de 100.000 membros. As megaigrejas podem influenciar a sociedade por meio de seus bons recursos eda plataforma na comunidade. Ore para que haja unidade evisão de evangelização entre todas as igrejas, de modo que a nação possa pertencer a Jesus, o Salvador.O As igrejas precisam de líderes. A guerra, a pobreza e a pouca quantidade de liderança limitaram as oportunidades de estudo. Ore por escolas bíblicas, seminários e programas de educação teológica por extensão. Ore para que Deus supra todas as necessidades materiais e de pessoal nesse tempo de estresse econômico. Esse ministério precisa de mais ajuda missionária.(4) Mudanças sociais internas e externas precisam de oração e ação.3,3 milhões salvadorenhos vivem fora do país, muitos nos Estados Unidos. Vários trabalham ilegalmente, e às vezes são explorados. Sua ausência também afeta as famílias deixadas para trás.Um grande número de jovens (até 70% dos homens) se junta a gangues de rua. Muitos têm pais que vivem no exterior. A Igreja deve criar novos métodos para servir aos adolescentes, jovens adultos e os 115.000 estudantes universitários. El Salvador era praticamente rural apenas uma geração atrás, e agora 60% da população vive nas cidades.* A população ameríndia sofreu muitos abusos no século passado. Ore para que a Igreja inicie um ministério de plantação de igrejas respeitoso entre eles.","-","Mandryk, Jason; Molly Wall (org.). Ore pelas nações: um guia completo de missões e intercessão pelo mundo. 1° ed. São Paulo: Mundo Cristão, 2017. [Trad. de Emirson Justino]","El Salvador","https://flagcdn.com/w320/sv.png"
"Equador","Quito.","América.","13,8 milhões.","13 milhões.","1,2 milhão","Cristã.","Sem religião.","Os de fala hispânica(56,4%), ameríndios: quíchua(40,5%), os de fala inglesa(1,5%), os de fala germânica(0,7%), outros grupos ameríndios(0,5%).","Espanhol.","25.","As principais exportações são de banana, petróleo, flores e camarão. Houve algum crescimento econômico dsde 1999, mas a pobreza permanece.","O Equador carece de governos estáveis. Presidentes não permanecem no cargo, e as mudanças são frequêntes. Os quíchuas possuem agora uma pequena voz política. O Equador precisa de uma reforma na constituição.","1- A- Louve a Deus pelo impacto do evangelho sobre os quíchuas. B- Pelas pequenas tribos da floresta, pois quase todas elas têm igrejas e as Escrituras. C- A rádio HCJB começou em 1931, sendo a primeira das grandes missões cristãs de transmissão por rádio. Hoje o ministério abençoa o Equador e o mundo inteiro; 2- Ore especialmente  para os ameríndios e as igrejas de fala espânica trabalhem juntos, com sensibilidade cultural. Ore por unidade e paixão evangelística pelas regiões ainda não alcançadas do país; 3- Ore pedindo por bom entendimento da Igreja e sua missão; 4- Os menos evangelizados: Habitantes das favelas de Quito e Guayaquil, os povos afro-equatorianos que precisam da entrada do evangelho nesse grupo, as pessoas que vivem nas ilhas de Galápagos que se opõem ao cristianismo bíblico, e a província de Loja, que permanece isolada da maior parte da vida equatoriana;","-","Mandryk, Jason; Molly Wall (org.). Ore pelas nações: um guia completo de missões e intercessão pelo mundo. 1° ed. São Paulo: Mundo Cristão, 2017. [Trad. de Emirson Justino]","Ecuador","https://flagcdn.com/w320/ec.png"
"Estados Unidos","Washington.","América.","317,6 milhões.","246,6 milhões.","91,8 milhões.","Cristã.","Sem religião.","Caucasianos norte-americanos (58,1%, uma mescla de muitos povos), latinos e caribenhos (14,7%), afro-americanos (12,2%), eurasianos (6,6%), judeus (1,8%), leste- asiáticos (1,6%), árabes (1,4%), malaios (1,1%), sul-asiáticos (0,7%), sudeste-asiáticos (0,7%), índios norte-americanos (0,6%).","Inglês. A população de fala hispânica é de 11,2% (34 milhões).","176.","É a maior e mais diversificada economia do mundo, liderada por tecnologia, indústria, recursos naturais, agricultura e serviços. Hoje existe uma distância entre ricos e pobres. Os Estados Unidos são responsáveis por 25% do PIB mundial e quase 50% dos gastos militares do planeta.","República federativa. É um líder mundial com forte tradição democrática, ênfase na iniciativa privada e nas liberdades civis. Normas e controles no sistema político limitam o abuso do poder, mas também impedem o progresso político. A ameaça de terrorismo no país e no exterior faz que as forças norte- americanas atuem em outras regiões do globo, uma política externa que cria retrocesso em algumas partes do mundo.","1- Generosidade, trabalho evangelístico e grandes visões ajudaram o evangelho a progredir. Ore para que isso continue acontecendo; 2- À herança espiritual dos EUA está sob ataque do ateísmo, da Nova Era e de outros grupos que usam seu poder de mídia para desacreditar os cristãos e apagar o cristianismo da vida pública. Ore para que os cristãos dos EUA falem a verdade em amor e preservem o legado cristão e a liberdade de expressão em seu país. Ore para que haja atitudes e condutas cristãs em todas as conversas e ações com esses grupos; 3- Ore para que Deus molde essa nação para ser uma força ainda maior para o bem e destrua (dominação cultural insensível, individualismo egoísta, ganância corporativa e disseminação de pornografia, violência negligente e obsessão por posses, riqueza e poder. O desejo dos Estados Unidos por drogas ilícitas e combustíveis fósseis causa guerras no exterior, mantém regimes corruptos no poder e inflige sofrimento sobre povos nativos de outras terras.) essas práticas pecaminosas que poluem grande parte do mundo; 4- A Igreja norte-americana precisa de reavivamento. A adoração e os sermões por vezes se parecem mais com shows do que com comunhão verdadeira. Ore para que os cristãos possam ser separados e, então, se arrepender de uma vida egoísta e mudar seus pensamentos e vida. Ore para que haja um retorno à santidade bíblica; 5- Ore para que Deus levante ministérios e igrejas que equilibrem a verdade bíblica sobre questões morais com a paixão de Deus por mostrar amor ao necessitado e ao perdido; 6- Os menos alcançados. Muitos dos povos menos evangelizados do mundo estão nos EUA. *Grupos imigrantes modernos. *Estudantes internacionais. *Judeus. *Árabes. *Muçulmanos. *Sul-asiáticos . *As seitas. Ore pedindo sabedoria e envolvimento de longo prazo por parte dos cristãos para que sejam sal e luz em todos os cantos da sociedade norte-americana. ","-","Mandryk, Jason; Molly Wall (org.). Ore pelas nações: um guia completo de missões e intercessão pelo mundo. 1° ed. São Paulo: Mundo Cristão, 2017. [Trad. de Emirson Justino]","United States of America","https://flagcdn.com/w320/us.png"
"Guatemala","Cidade da Guatemala.","América.","14,4 milhões.","13,8 milhões.","3,5 milhões.","Cristã.","Sem religião.","Judeus espanhóis (ladinos, 53%), ameríndios maias (36,3%), outros ameríndios (8,4%).","Espanhol.","42-45.","A agricultura provê metade dos empregos do país. A maioria ainda vive na pobreza, e os povos indígenas são particularmente oprimidos. Entreposto de tráfico de drogas, uma vez que 70% da cocaína que vai para os Estados Unidos passa pela Guatemala.","Independente da Espanha desde 1821 e da Federação da América Central desde 1838. Guerrilhas devastadoras a partir de 1960 até um acordo de paz firmado em 1996. O governo eleito em 2007 procura a unidade nacional e oportunidades para o povo maia.","1- Problemas sociais como crianças de rua, uso de drogas e  analfabetismo. Os maias enfrentam opressão e exploração há séculos; 2- Ore especialmente por líderes evangélicos tanto maias como de comunidades de fala hispânica à medida que eles trabalham para curar a nação; 3- A violência persiste. A Guatemala tem a maior taxa de homicídios de toda a América Latina. Peça a Deus que faça a paz de Cristo prevalecer; 4- Louve a Deus pelo crescimento entre os evangélicos, que agora compõem quase 25% da população, em 25.000 congregações! Ore para que pastores e líderes demonstrem humildade como a de Cristo e se coloquem acima de divisões tolas e da ganância; 5- Ore para que as igrejas amadureçam e contribuam para o evangelismo mais amplo da Igreja na Guatemala. Ore também por boas formas de treinar os líderes das igrejas rurais mais pobres. 6- O movimento missionário guatemalteco começou em 1982, com uma visão para o mundo. Ore pelo crescimento do movimento missionário e por uma nova conferência que ajude os pastores a desenvolver uma visão missionária.","-","Mandryk, Jason; Molly Wall (org.). Ore pelas nações: um guia completo de missões e intercessão pelo mundo. 1° ed. São Paulo: Mundo Cristão, 2017. [Trad. de Emirson Justino]","Guatemala","https://flagcdn.com/w320/gt.png"
"Guiana","Georgetown.","América.","761.000 mil.","401.000 mil.","151.000 mil.","Cristã.","Sem religião.","Sulasiáticos (42,5%, a maioria fazendeiros rurais da Índia), africanos (29,7%, a maioria no serviço público, no governo e nas áreas urbanas), mestiços (16,5%) ameríndios (8,9%, a maioria vivendo no interior).","Inglês. O crioulo é usado por 90% da população.","19.","Apoiada principalmente pela mineração e agricultura. Bom potencial prejudicado por um experimento econômico marxista que durou vinte anos.","Governo holandês (1750-1814), depois britânico até a independência (1966). Importação colonial de mão de obra para a indústria do açúcar criou a atual diversidade racial e tensão política.","1- Ore para que a esperança chegue à Guiana e que o evangelho transforme a sociedade; 2- Ore para que todos os crentes mostrem o poder do evangelho em sua unidade, em suas palavras e numa vida santa; 3- Ore pelos seguintes povos: *- Muitos afro-guianenses e guianenses mestiços são cristãos, mas têm uma fé fraca. Não raro, misturam crenças cristãs com outras religiões. O espiritismo obeah e a bruxaria, o rastafarianismo (da Jamaica), as seitas estrangeiras e o grupo racista Nação do Islã atraem pessoas para longe de Jesus. Ore para que o evangelho verdadeiro cause impacto sobre essas comunidades. *- A população indo-guianense é na maioria hindu. Ore por sua evangelização. Alguns são cristãos ou muçulmanos. Os guianenses muçulmanos continuam a ser o grupo menos alcançado do país. *- Os povos ameríndios são principalmente católicos, mas alguns se tornaram pentecostais por meio do trabalho das Assembleias de Deus, Igreja de Deus e outras. As igrejas do sul possuem mentalidade missionária! Ore pela liderança cristã local e por igrejas maduras que mantenham sua identidade cultural e ainda assim sobrevivam ao impacto da sociedade moderna; 4- Missões e ministérios cristãos afetam a sociedade positivamente. As missões têm liberdade de trabalhar em qualquer área. O testemunho de amor de trabalhadores médicos cristãos costuma abrir as portas para o evangelho. A maioria das denominações trabalha entre os jovens. Vida familiar, educação, emprego e esperança no futuro são grandes desafios para os jovens. ","-","Mandryk, Jason; Molly Wall (org.). Ore pelas nações: um guia completo de missões e intercessão pelo mundo. 1° ed. São Paulo: Mundo Cristão, 2017. [Trad. de Emirson Justino]","Guyana","https://flagcdn.com/w320/gy.png"
"Guiana Francesa","Caiena.","América.","231.000 mil.","211.000 mil.","10.000 mil.","Cristã.","Islã.","Afro-caribenhos (62%), europeus (15,1%, principalmente de origem francesa), chineses (5%), brasileiros (5%), índios (4%), quilombolas afro-americanos (3,2%), ameríndios (2%), hmogs do Laos (1,5%), javaneses (1%).","Francês. O francês crioulo guianense é amplamente falado.","15.","Faixa litorânea desenvolvida e interior da floresta primitivo. O Centro Espacial de Kourou (centro de lançamento de foguetes da Agência Espacial Europeia) é a principal fonte de renda e desenvolvimento. O turismo é uma indústria com potencial de crescimento.","Departamento ultramarino francês. Antiga colônia penal francesa. Altos subsídios da França e da União Europeia dão pouco incentivo à maioria da população para que se torne independente.","1- Louve a Deus pelo crescimento da Igreja entre os crioulos e os ameríndios, especialmente os caribes/galibis. Haitianos, antilhanos, hmongs, brasileiros e as tribos do interior (quilombolas) também responderam ao evangelho. Ore por um espírito cooperativo entre evangélicos e por unidade através da Sociedade Bíblica do Suriname; 2- A Guiana Francesa tem uma nova imagem: come sociedade multicultural desenvolvida, em vez de um lugar de criminosos detidos. Essa mudança também trouxe o secularismo francês e desafios morais. Muitos jovens não encontram emprego e estão impacientes. Imagens pornográficas das televisões por satélite da França distorcem a base moral. Famílias sofrem com as altas taxas de nascimentos ilegítimos e os muitos lares de pais ou mães solteiros. Danos ao ambiente, imigração ilegal e tráfico humano para a indústria das minas de ouro causam muitos problemas; 3- Os povos menos alcançados:Ore para que a Biblica complete o desenvolvimento dos Evangelhos em crioulo francês guianense. Tribos ameríndias e quilombolas. Os wayana (1.100) e os emerillon (500) precisam do evangelho. Eles praticam a adoração de espíritos (animismo). Tribos quilombolas vivem no interior do país.","-","Mandryk, Jason; Molly Wall (org.). Ore pelas nações: um guia completo de missões e intercessão pelo mundo. 1° ed. São Paulo: Mundo Cristão, 2017. [Trad. de Emirson Justino]","French Guiana","https://flagcdn.com/w320/gf.png"
"Groenlândia","Nuuk.","América.","57.000 mil.","55.000 mil.","3.000 mil.","Cristã.","Sem religião.","Inuítes da Groenlândia (88%), dinamarqueses (8%).","Inukitut da Groenlândia (3 dialetos) e dinamarquês.","2.","Baseada em pesca e apoio do governo da Dinamarca.","Divisão administrativa liberdade desde 2009.","1- Praticamente qualquer assentamento na Groenlândia possui uma igreja luterana, mas muitos carecem de uma vida espiritual verdadeira. Ore por renovação. A cultura moderna entra em choque com os velhos hábitos da Groenlândia, e muitos agora enfrentam problemas com imoralidade, abuso sexual, alcoolismo, doenças mentais e suicídio. Alguns crentes locais e missionários estrangeiros atuam em áreas como aconselhamento, cura e libertação e veem frutos maravilhosos por meio da obra do Espírito Santo. Ore para que isso continue. Agradeça a Deus pelas novas pistas de pouso que abriram assentamentos remotos ao ministério; 2- O testemunho evangélico é recente. A Groenlândia tinha cerca de 20 convertidos em 1984, mas agora possui um movimento evangélico em várias denominações. A Igreja da Groenlândia aprendeu a se expressar de maneiras bíblicas adequadas a sua cultura. Ore para que a cultura singular dos inuítes possa agora ser completa em Cristo. Ore para que Deus mude muitas vidas por meio da Bíblia groenlandesa (concluída em 2001). ","-","Mandryk, Jason; Molly Wall (org.). Ore pelas nações: um guia completo de missões e intercessão pelo mundo. 1° ed. São Paulo: Mundo Cristão, 2017. [Trad. de Emirson Justino]","Greenland","https://flagcdn.com/w320/gl.png"
"Haiti","Porto Príncipe.","América.","10,2 milhões.","9,7 milhões.","1,6 milhão.","Cristã.","Religiões étnicas.","Afro-caribenhos (94,3%), mulatos (eurafricanos, 5,4%).","Francês. Muitos falam o crioulo haitiano, o inglês ou o espanhol.","4","É o país mais pobre do hemisfério ocidental. Envio de recursos por parte de haitianos que vivem no exterior e fundos de ajuda são as principais fontes de renda.","A primeira república negra do mundo, criada em 1804. Desde então, possui uma história de derramamento de sangue, ditaduras e golpes militares.","1- O terremoto de 2010 foi um desastre horrível. Mais de 230.000 pessoas perderam a vida e mais de 1 milhão de pessoas perderam a casa. O povo do Haiti respondeu com oração e arrependimento. O presidente chamou o país a três dias de oração e jejum, e mais de 1 milhão de pessoas compareceram. Ore para que esse retorno para Deus mude a vida espiritual do Haiti! A cura dessas feridas exige tempo, cuidado e amor de Deus. Esforços para reconstruir levarão anos. Ore pela ajuda generosa de nações mais ricas e agências de ajuda. Ore para que haja esperança em meio à tragédia; 2- Tirania, crueldade e escravidão espiritual povoam a história do Haiti. O genocídio espanhol contra os índios arawaks, a escravidão espanhola e francesa e os líderes brutais do próprio Haiti promoveram por séculos um espírito de violência. O vodu (uma religião de espíritos) cria medo por toda a sociedade. Muitos católicos praticam algum vodu. Ore para que o poder do Espírito Santo supere as forças do mal. Ore para que o Espírito Santo purifique a Igreja. Peça a Deus que, em nome de Jesus, a nação possa ser completamente dedicada ao Senhor; 3- Ore pelas 20 escolas bíblicas e/ou seminários e pelos muitos programas de educação teológica por extensão que procuram atender às necessidades. Ore por pureza espiritual e para que o amor e o poder de Cristo brilhem por intermédio dos crentes; 4- Ore para que o trabalho cristão tenha impacto de longo prazo sobre a nação e atraia pessoas ao Salvador. Ore também para que mais trabalhadores sejam chamados para alcançar a diáspora haitiana; 5- Os jovens e crianças do Haiti precisam de oração especial. Os adolescentes enfrentam pobreza, desemprego, analfabetismo e confusão. Muitos se voltam às armas e às gangues. Cerca de 10% das crianças do Haiti (300.000 a 400.000) são restaveks (termo com origem na palavra crioula stay-whiths, usada para se referir a crianças que são mandadas para o trabalho porque os pais não têm condições de sustentá-las). As pessoas podem comprar e vender essas crianças, que trabalham sem frequentar escolas nem receber cuidados de saúde. Peça a Deus que leve compaixão e amor a esses pequeninos.","-","Mandryk, Jason; Molly Wall (org.). Ore pelas nações: um guia completo de missões e intercessão pelo mundo. 1° ed. São Paulo: Mundo Cristão, 2017. [Trad. de Emirson Justino]","Haiti","https://flagcdn.com/w320/ht.png"
"Honduras","Tegucigalpa.","América.","7,6 milhões.","7,4 milhões.","1,8 milhão.","Cristã.","Sem religião.","Cultura hispânica (89%), ameríndios (7,9%), árabes-palestinos (0,8%), jamaicanos (0,5%).","Espanhol.","13.","Um dos países mais pobres do hemisfério ocidental, com a maioria da população abaixo da linha da pobreza. Atividade econômica ligada a agricultura, serviços, turismo e recebimento de recursos do exterior.","Independente da Espanha desde 1821. Até 1932, sofreu 134 revoluções e revoltas. Governo militar durante a maior parte do século 20. Governo democrático civil desde 1984, que enfrenta desafios de forças armadas poderosas e da interferência dos Estados Unidos. Altos níveis de corrupção, desemprego e crime.","1- Ore pela Confraternidad Evangélica, que representa 90% dos evangélicos hondurenhos e promove comunhão e cooperação. As igrejas hondurenhas carecem de unidade. Incontáveis denominações criam problemas de ciúme e isolamento; 2- O problema mais básico de Honduras é a pobreza extrema. As crianças formam mais da metade da população, e a maioria vive na pobreza. Gangues violentas exploram crianças vulneráveis como membros e trabalhadoras sexuais. Honduras tem 60% dos casos de aids da América Central. O crime organizado e as maras (gangues) estão ligados aos cartéis de drogas e detêm o poder na sociedade. Ore pedindo coragem para os hondurenhos interromperem a disseminação da aids. Ore por justiça e por um governo sábio, que trabalhe igualmente para ricos e pobres; 3- Várias agências missionárias treinam e enviam trabalhadores transculturais. Ore para que toda a Igreja hondurenha adquira uma visão mais ampla de evangelismo e missões. Os líderes precisam de estudo. Muitos seminários e escolas bíblicas enfrentam dificuldades para encontrar professores, e os missionários estrangeiros poderiam ajudar no atendimento a essa necessidade; 4- Muitos povos ameríndios vieram a Cristo e houve crescimento nas igrejas entre eles. Ore pelo trabalho dos batistas, da Missão da Comunhão Cristã, da Missão Miskito e de outras que trabalham em meio aos pobres. Louve a Deus porque os povos indígenas da floresta tropical do leste conquistaram o direito de preservar sua terra e sua cultura, ambas ameaçadas. Ore pelo desenvolvimento sadio das igrejas no meio deles e também por um fim a toda forma de abuso. ","-","Mandryk, Jason; Molly Wall (org.). Ore pelas nações: um guia completo de missões e intercessão pelo mundo. 1° ed. São Paulo: Mundo Cristão, 2017. [Trad. de Emirson Justino]","Honduras","https://flagcdn.com/w320/hn.png"
"Ilhas Malvinas","Stanley.","América.","3.000 mil.","2.000 mil.","329.000 mil.","Cristã.","Sem religião.","Britânicos (95%), outros (5%).","Inglês.","-","Baseada principalmente em pesca e criação de ovelhas. Não há desemprego.","Território britânico ultramarino de governo autônomo. Reivindicadas pela Argentina.","1- A disputa prejudica esse remoto grupo de ilhas. Tanto o Reino Unido como a Argentina afirmam ter direitos sobre a área. Isso levou a um conflito, em 1982, e a tensão continua. A constituição de 2009 reflete o forte desejo dos ilhéus de terem o próprio governo. Ore pedindo acordos sábios e justos, além de compreensão entre todos os três grupos. Ore pelos cristãos que trabalham e pela reconciliação de todos os envolvidos; 2- O país tem três denominações principais: anglicana, católica romana e Tabernáculo da Igreja Unida Livre. A maioria das pessoas é rasa em sua fé religiosa. Ore pelos crentes em seu testemunho aos colegas ilhéus e a pescadores, trabalhadores da indústria petrolífera, militares e turistas que visitam as ilhas vindos de diferentes nações. ","-","Mandryk, Jason; Molly Wall (org.). Ore pelas nações: um guia completo de missões e intercessão pelo mundo. 1° ed. São Paulo: Mundo Cristão, 2017. [Trad. de Emirson Justino]","Falkland Islands","https://flagcdn.com/w320/fk.png"
"Jamaica","Kingston.","América.","2,7 milhões.","2,3 milhões.","765.000 mil.","Cristã.","Sem religião.","Jamaicanos(93,7%), Haitanos(2%), Indianos do leste(1,7%), Chineses(1,2%), Euramericanos(1%).","Inglês, o Crioulo jamaicano é falado por 97% da popuação.","7.","A renda vem do turismo, dos recursos enviados do exterior, da mineração e agricultura.","Democracia parlamentarista. É politicamente estável, com problemas de guerras de gangues, tráfico de drogas e corrupção.","1- Para as 15 escolas bíblicas e seminários, assim como as conferências de ensino Kewick, possam ser fortalezas da teologia bíblica, do estilo de vida piedoso e do envio de missões para o Caribe; 2- Orem para que os líderes do governo e das igrejas rejeitem o comprometimento de suas posições. Por unidade e integridade da igreja. Por coragem, pureza moral e determinação para trazer o país de volta a Deus.","-","Mandryk, Jason; Molly Wall (org.). Ore pelas nações: um guia completo de missões e intercessão pelo mundo. 1° ed. São Paulo: Mundo Cristão, 2017. [Trad. de Emirson Justino]","Jamaica","https://flagcdn.com/w320/jm.png"
"México","Cidade do México.","América.","110,6 milhões.","105,1 milhões.","9,2 milhões.","Cristã.","Sem religião.","Mexicanos (americanos)/mestiços espanhóis (65,1%), euramericanos (13,6%), ameríndios sem identidade tribal (9,9%), povos locais de fala ameríndia (9,4%).","Espanhol (maior país do mundo de fala hispânica).","297.","Livre mercado e comércio melhoraram a economia, baseada em petróleo, indústria, bens manufaturados, turismo e agricultura. Os ganhos e a distribuição de renda são desiguais. Cartéis de drogas organizados e armados controlam grande parte da região fronteiriça com os Estados Unidos.","Os espanhóis e a varíola destruíram o desenvolvido Império Asteca no século 16. É independente da Espanha desde 1821. Territórios do norte foram perdidos para os Estados Unidos no século 19. Foi democracia monopartidária até 2000, quando os mexicanos elegeram o líder da oposição; agora é uma república federativa, com liderança eleita. Pequenos movimentos de guerrilha no sul promovem os direitos da terra ameríndia e sua cultura.","1- O México enfrenta desafios sociais e econômicos. O governo entende a dificuldade das soluções tradicionais e agora convida cristãos e igrejas a ajudarem no atendimento às necessidades humanas. Ore para que mexicanos, tanto indígenas como mestiços, possam encontrar sua identidade e propósito no amor de Cristo e nos propósitos de Deus; 2- O forte tráfico de drogas traz enormes quantidades de dinheiro para a economia do México. Os ricos e poderosos cartéis que controlam o comércio de drogas são cruéis. A corrupção no governo leva a desvios da ordem dos milhões, e a corrupção policial permite o crescimento do crime organizado. Ore por integridade, coragem e sabedoria para abordar esses enormes desafios; 3- O México e os Estados Unidos frequentemente nutrem essentimento mútuo, mas precisam um do outro. Ore por justiça em todos os elacionamentos entre os dois países; 4- Os evangélicos somavam 800.000 em 1960. Hoje passam de 9 milhões, e o movimento ainda está em crescimento! Ore por líderes clesiásticos piedosos e por mais pastores dispostos a trabalhar entre os pobres nas áreas rurais e nas favelas. O trabalho nas cidades e as igrejas maiores atraem muitos pastores novos; 5- Os crentes sofrem preconceito, incômodos, perdas ou danos em propriedades e igrejas nos estados do sul, sobretudo em Chiapas, Oaxaca e Guerrero. A perseguição geralmente surge quando eles se recusam a participar dos eventos religiosos da comunidade, que envolvem uma mistura de práticas cristãs e pagãs. Ore para que os crentes demonstrem a mansidão e o amor de seu Salvador quando forem maltratados. Ore por liberdade religiosa plena nos âmbitos local e nacional; 6- Mais e mais igrejas mexicanas enviam e apoiam missionários. Ore para que os cristãos se sintam abertos em relação às finanças para o trabalho do Reino. Ore também por uma perspectiva bíblica sobre questões relacionadas a dinheiro; 7- Algumas parcelas da população têm poucos cristãos comprometidos. Muitos mexicanos buscam algo melhor que as tradições religiosas vazias do passado. Ore para que o crescimento evangélico continue tanto em número como em maturidade espiritual. Cerca de 1/3 dos mexicanos têm 15 anos ou menos. Muitos jovens no México respondem à fé evangélica, mas não há um número suficiente de igrejas que os alcance de maneira criativa e relevante; 8- Uma história notável de tradução da Bíblia se iniciou em 1936. Os obreiros completaram 120 Novos Testamentos e forneceram 190 programas de idiomas no decorrer dos anos! Ainda existem 11 idiomas que precisam de uma Bíblia e 20 que precisam de pelo menos porções da Bíblia. Ore por boas relações entre agências de tradução e agências governamentais. Ore para que as Escrituras transformem indivíduos, congregações e a nação. ","37º","Mandryk, Jason; Molly Wall (org.). Ore pelas nações: um guia completo de missões e intercessão pelo mundo. 1° ed. São Paulo: Mundo Cristão, 2017. [Trad. de Emirson Justino]","Mexico","https://flagcdn.com/w320/mx.png"
"Nicarágua","Manágua.","América.","5,8 milhões.","5,7 milhões.","1,7 milhão.","Cristã.","Cristã.","Mestiços latinos (67,5%), latinos brancos (16,5%), ameríndios (5,9%), Oriente Médio (0,8%).","Espanhol. Comunidades que falam inglês na costa leste.","7.","Um dos estados mais pobres das Américas em razão a dois séculos de ditaduras, guerras civis e desastres naturais. Há progresso desde 1991, depois do colapso econômico da década de 1980. É dependente de recursos enviados por trabalhadores que vivem no exterior.","República independente desde 1838. Uma ditadura corrupta acabou em 1979, depois de uma amarga guerra civil. O país sofreu com a política da Guerra Fria e a interferência dos Estados Unidos. O governo alternou-se entre regimes de direita e esquerda. A atual cooperação entre a esquerda e a direita políticas pode sinalizar algum progresso, ou pode ser uma aliança para propósitos escusos.","1- Deus trouxe muitas pessoas para si, ainda que por meio do sofrimento. A guerra, o conflito e os embates políticos fizeram que muitos conhecessem a compaixão dos cristãos e a esperança em Cristo. Os evangélicos passaram de 2% em 1960 para 30% hoje, e o crescimento continua; 2- Ore para que os cristãos se comprometam a ser uma influência justa na Nicarágua. As igrejas ministram aos mais necessitados e tentam ajudar aqueles que vivem em pobreza extrema; 3- Missões e evangelismo. Estrangeiros trabalham em ensino da Bíblia, treinamento de liderança e parceria comnicaraguenses para projetos de desenvolvimento. Esses projetos capacitam o país para o progresso econômico e espiritual. ","30º","Mandryk, Jason; Molly Wall (org.). Ore pelas nações: um guia completo de missões e intercessão pelo mundo. 1° ed. São Paulo: Mundo Cristão, 2017. [Trad. de Emirson Justino]","Nicaragua","https://flagcdn.com/w320/ni.png"
"Panamá","Cidade do Panamá.","América.","3,5 milhões.","3,2 milhões.","677.000 mil.","Cristã.","Sem religião.","Mestiços latinos (56,8%), panamenhos caucasianos (8,8%), ameríndios (10,9%), caribenhos (9,4%), europeus/americanos (6,6%), indianos do leste (4%), chineses (1,5%).","Espanhol.","18.","Economia baseada em serviços, principalmente bancários, comércio e turismo. Infraestrutura desenvolvida e grandes perspectivas em relação ao Canal do Panamá (comércio global). Estima-se que 40% da população vive na pobreza. Cartéis de drogas têm influência.","República com democracia constitucional, que antigamente fazia parte da Colômbia. É politicamente estável.","1- Ore para que o Panamá possa abençoar o mundo. O lema do país é “Panamá, ponte para o mundo, coração do universo”. Ore para que o governo livre o país da corrupção e se oponha à impiedade; 2- O Panamá possui uma visão missionária. Ore pelos seguintes grupos dentro do Panamá: *Os ameríndios. Ore pela liderança local e por expressões locais da fé cristã. Ore pela Bíblia em todos os idiomas. *Os chineses. *Os sul-asiáticos. *Os 9.000 judeus. Ore por um projeto de evangelização panamenho chamado Associação Messiânica “Remanescente de Israel” .","-","Mandryk, Jason; Molly Wall (org.). Ore pelas nações: um guia completo de missões e intercessão pelo mundo. 1° ed. São Paulo: Mundo Cristão, 2017. [Trad. de Emirson Justino]","Panama","https://flagcdn.com/w320/pa.png"
"Paraguai","Assunção.","América.","6,5 milhões.","6,2 milhões.","393.000 mil.","Cristã.","Sem religião.","Os de fala hispânica/guarani (90%), ameríndios (1,9%), alemães (3,1%), espanhóis (1,9%).","Espanhol e guarani (90% compreendem o idioma, mas apenas 8% falam apenas guarani).","27.","Poucos recursos naturais além da agricultura e do vasto potencial hidroelétrico. A corrupção atrapalha o desenvolvimento. Apenas 1% da população possui 77% das terras, o que cria ampla pobreza e uma subclasse de camponeses sem terra.","Independente da Espanha desde 1811. Enfrentou guerras devastadoras (1864-1870, 1932- 1935) e uma ditadura corrupta (1954-1989). Recentes reformas democráticas e econômicas movem o Paraguai lentamente para a frente na política e em redes de comércio.","1- O Paraguai sofreu durante dois séculos com guerra e governos ruins. Agradeça a Deus pelas mudanças recentes. Ore pelos líderes atuais do Paraguai, a fim de que sejam corretos e sábios e venham a servir às pessoas sofredoras do país; 2-A Igreja Católica Romana domina a vida espiritual e política do país. Há muito ela se opôs à corrupção e à imoralidade do país. Infelizmente, ela também se opôs ao trabalho evangélico. O catolicismo no Paraguai mistura a fé cristã com forte devoção a Maria e ligações ocultistas com deidades e costumes antigos. Poucos da maioria hispânica e guarani têm um relacionamento vivo com Cristo. Ore por um despertamento espiritual;3- Agradeça ao Senhor pelo crescimento da Igreja evangélica.Ore para que igrejas locais abracem o desafio dos não alcançados e necessitados dentro do Paraguai e além. Ore para que o evangelho crie raízes e cresça nesses e nos demais grupos minoritários; 4- O país ainda precisa de missionários para servir na Igreja paraguaia e fortalecer a liderança nacional. Existem oportunidades em plantação de igrejas, treinamento de liderança, missão holística e, especialmente, educação. Muitas crianças pobres, em idade escolar, trabalham em vez de estudar.","-","Mandryk, Jason; Molly Wall (org.). Ore pelas nações: um guia completo de missões e intercessão pelo mundo. 1° ed. São Paulo: Mundo Cristão, 2017. [Trad. de Emirson Justino]","Paraguay","https://flagcdn.com/w320/py.png"
"Peru","Lima.","América.","29,5 milhões.","28,2 milhões.","3,4 milhão.","Cristã.","Religiões étnicas.","Povos ameríndios das terras altas (49,4%), mestiços (32%), peruanos brancos (13,5%), chineses (2,9%), povos ameríndios das terras baixas (1%), afro-peruanos (0,7%), japoneses (0,3%).","Espanhol e quíchua.","93.","Receita vinda da pesca, mineração, agricultura (café) e do turismo. Forte crescimento desde 2000. A produção de cocaína e a exploração de petróleo na bacia do Amazonas continuam sendo questões sérias.","Plenamente independente da Espanha desde 1824. Possui longa história de ditaduras e governos militares repressivos. O governo democrático não trouxe melhorias, e dois grupos marxistas trouxeram 15 anos de guerrilhas violentas. Os governos futuros devem sabiamente com a pobreza, a corrupção, a ecologia e a instabilidade de países vizinhos.","1- O país precisa urgentemente de um governo estável para levar adiante políticas justas depois de tantos anos de corrupção, ditadura e ameaças à segurança. Ore por justiça e retidão para os pressionados e oprimidos; 2- Exploração estrangeira. Em sua busca por petróleo e minérios, empresas internacionais põem deliberadamente em perigo o meio ambiente. Isso ameaça a existência de povos vulneráveis que vivem nessas áreas. Peça a Deus que derrube as estruturas do pecado, exponha o mal e forneça boas soluções para problemas complicados; 3- Ore para que muitos encontrem na Bíblia a luz e a liberdade do evangelho; 4- Ore por um corpo nacional que reúna os diversos grupos distintos de cristãos. As igrejas devem se concentrar em discipulado, prestação de contas e ensino de qualidade. Ore para que uma nova obra do Espírito Santo reacenda a Igreja; 5- Louve a Deus pelo crescimento da Igreja entre os grupos ameríndios das terras altas e baixas. *Os povos quíchua e aimarás (terras altas) descendem dos incas. Ore por um ministério contínuo aos povos ameríndios tanto das áreas urbanas como rurais.Ore por reconciliação por meio de Cristo entre os que falam quíchua e os que falam espanhol, após séculos de opressão. Ore por unidade de todos os grupos étnicos cristãos no Peru. * Os ameríndios das terras baixas respondem ao ministério da Missão Sul-americana, da Missão Suíça e de outras missões. Agora, missionários locais também alcançam as próprias tribos e outras relacionadas. Ore pelo trabalho realizado para e entre esses povos. Eles carregam os enormes fardos da explorada região mazônica.;","-","Mandryk, Jason; Molly Wall (org.). Ore pelas nações: um guia completo de missões e intercessão pelo mundo. 1° ed. São Paulo: Mundo Cristão, 2017. [Trad. de Emirson Justino]","Peru","https://flagcdn.com/w320/pe.png"
"Porto Rico","San Juan.","América.","4 milhões.","3,8 milhões.","1 milhão.","Cristã.","Sem religião.","98,7% da população é de latinos em orientação, idioma e cultura. Porto- riquenhos hispânicos (70,4%), Porto-riquenho africanos (15,5%) porto-riquenhos mestiços (10,3%).","Espamho e Inglês.","13.","Economia de livre mercado com manufatura, comércio e turismo. Entre as maiores rendas per capita e os maiores índices de custo de vida do Caribe.","Antiga colônia espanhola. Está relacionada aos Estados Unidos desde 1898. Administrado por um governador eleito, embora o presidente dos Estados Unidos seja o chefe de estado.","1- As igrejas causam pouco impacto sobre as necessidades sociais da nação. Elevadíssimas taxas de abuso de drogas, corrupção, crime e pobreza confrontam o evangelho em um país de 97% de cristãos e 25% de evangélicos; 2- As igrejas evangélicas saíram de 0,1% em 1900 para 25,2% em 2010! Os porto-riquenhos tradicionalmente seguem o catolicismo. Um grande movimento carismático cresceu dentro da Igreja Católica, mas a maior parte do novo crescimento acontece entre grupos independentes. Ore por educação formal efetiva e apoio a novos empreendimentos missionários. Ore por ministérios que continuem moldando líderes futuros e por movimentos de discipulado que transformem a vida dos crentes. ","-","Mandryk, Jason; Molly Wall (org.). Ore pelas nações: um guia completo de missões e intercessão pelo mundo. 1° ed. São Paulo: Mundo Cristão, 2017. [Trad. de Emirson Justino]","Puerto Rico","https://flagcdn.com/w320/pr.png"
"República Dominicana","Santo Domingo.","América.","10,2 milhões.","9,6 milhões.","931.000 mil.","Cristã.","Sem religião.","Dominicanos (87,5%), haitianos (10,2%, a maioria trabalhadores imigrantes ilegais sem documentação), espanhóis (0,8%), cidadãos norte-americanos (0,7%).","Espanhol.","8.","Crescimento firme desde 2004, após vinte anos de declínio. Enorme distância entre ricos e pobres.","Governos democráticos desde 1961, depois de uma ditadura longa e repressora.","1- Ore para que a justiça econômica e política visite essa nação que sofre há tanto tempo; 2- Ore por renovação mediante o poder das Escrituras e o Espírito Santo. Agradeça a Deus pelos católicos que seguem fielmente a Jesus; 3- O número de evangélicos dobrou nos últimos vinte anos! Muitas pessoas estão abertas ao evangelho quando ele é apresentado de maneira simples e em amor. Ore por provisão e fidelidade para os que são chamados a ministrar em áreas pobres. Ore por uma visão missionária e para que mais missionários dominicanos sejam enviados; 4- Os menos evangelizados: *Imigrantes haitianos e seus descendentes. Ore para que a Igreja dominicana se envolva com os haitianos com fé, amor e graça. * Amaioria dos não frequentadores de igreja costuma professar o cristianismo, mas o ocultismo é forte. Ore pelos trabalhadores cristãos nas 37 universidades e faculdades. Mais de 200.000 estudantes precisam ser alcançados. *Os chineses possuem apenas 2 congregações. A International Mission Board trabalha no meio deles. ","-","Mandryk, Jason; Molly Wall (org.). Ore pelas nações: um guia completo de missões e intercessão pelo mundo. 1° ed. São Paulo: Mundo Cristão, 2017. [Trad. de Emirson Justino]","Dominican Republic","https://flagcdn.com/w320/do.png"
"Suriname","Paramaribo.","América.","524.000 mil.","260.000 mil.","72.000 mil.","Cristã.","Sem religião.","Indianos do leste (29%, principalmente de Bihar), surinameses crioulos (19%), quilombolas (16%), indonésios (15%, principalmente javaneses), raças mistas (11,3%), ameríndios (4%), chineses (2,7%).","Holandês. O sranan tongo (um holandês crioulo) é o idioma comercial.","20.","Crescimento econômico recente. Bauxita, petróleo, madeira, produtos marinhos e agrícolas e ecoturismo fornecem renda. Fronteiras inseguras dão oportunidade à extração ilegal de ouro e ao tráfico de drogas.","Independente da Holanda desde 1975. Ditadura militar socialista (1980-1987), sucedida por um período instável de golpes e eleições malsucedidas até o acordo de 1994 em favor da paz e de um governo democrático. O antigo ditador foi eleito presidente em 2010.","1-  Louve a Deus por sua obra entre os povos quilombolas e os ameríndios tribais. Quase 60% dos povos quilombolas hoje seguem a Jesus; 2- Raça e religião ainda dividem as pessoas, e isso bloqueia o progresso político e social da nação. Poderosas facções criminosas traficam drogas e contrabandeiam ouro, e a impressão é que não se pode detê-las. Ore por liderança piedosa para essa nação jovem; 3- A Igreja surinamesa precisa de bons líderes de todas as origens culturais. Os líderes precisam de fé bíblica forte e coração aberto aos muitos povos do Suriname. Quase metade da população se diz cristã, mas muitos não entendem sua fé. Ore para que líderes cristãos busquem unidade no corpo de Cristo. Ore por fome pela Palavra de Deus entre os líderes e suas congregações; 4- Ore pela cooperação cristã no evangelismo a todos os grupos étnicos do Suriname. *Grupos ameríndios. A maioria tem cristãos em seu meio. Os grupos carib e arawak, no litoral, ainda carecem de muita evangelização. *Javaneses. A maioria é de muçulmanos, mas não são fortes em sua fé. As novas gerações de cristãos javaneses evangelizam seu próprio povo. *A comunidade indiana tem agora alguns crentes. Nenhum grupo testemunha aos muçulmanos da comunidade indiana. Ore para que Deus remova as barreiras do preconceito e da incompreensão. *Igrejas chinesas agora se juntam a outras igrejas locais e missões para alcançar os chineses no Suriname. A maioria dos chineses no Suriname vem das províncias costeiras do sulda China. ","-","Mandryk, Jason; Molly Wall (org.). Ore pelas nações: um guia completo de missões e intercessão pelo mundo. 1° ed. São Paulo: Mundo Cristão, 2017. [Trad. de Emirson Justino]","Suriname","https://flagcdn.com/w320/sr.png"
"Trinidad e Tobago","Porto da Espanha e Scarborough.","América.","-","-","-","-","-","-","-","-","-","Faz parte das Ilhas Caribenhas, que oferecem ampla variedade de culturas e experiências, mas também compartilham características importantes. Claramente, possuem a mesma geografia. Essas pequenas ilhas se encontram todas numa zona tropical, o que afeta profundamente a vida insular. Ainda mais importante é o fato de compartilharem uma história colonial. Inglaterra, França, Holanda e Espanha competiram e travaram guerras imperiais nas ilhas e por elas. Essas guerras moldaram a população, a economia, a cultura e a religião do Caribe, além de outros aspectos.","Muitas ilhas sofrem com desastres naturais violentos. Isso traz sofrimento humano e muitos prejúizos sociais e econômicos. Ore pela população mais pobre, que depende do turismo e da agricultura, e para que a população consiga superar esses momentos de vulnerabilidade; Há muitas famílias arruinadas por imoralidade sexual, crimes, gangues, armas e abuso de drogas. Ore para que os sistemas social e de justiça tenham força para enfrentar esses desafios com eficácia; Apesar de grupos cristãos crescerem em muitos lugares, as comunidades caribenhas carecem de fome espiritual e precisam de reavivamento. Louve a Deus pela forte presença e história cristãs! Ore agora por uma nova obra do Espírito Santo; O Caribe precisa de trabalho ministerial. As igrejas precisam de unidade mais que qualquer outra coisa. Os cristãos não crescem espiritualmente com a rapidez e a profundidade que deveriam. Dois grandes gargalos limitam o crescimento cristão no Caribe: os crentes precisam de oportunidades para discipulado sério e os líderes das igrejas precisam de oportunidades para formação; Ore pelos imigrantes para que os preconceitos sejam derrubados e os cristãos locais preguem o evangelho para eles.","-","Mandryk, Jason; Molly Wall (org.). Ore pelas nações: um guia completo de missões e intercessão pelo mundo. 1° ed. São Paulo: Mundo Cristão, 2017. [Trad. de Emirson Justino]","Trinidad and Tobago","https://flagcdn.com/w320/tt.png"
"Uruguai","Montevideo.","América.","3,4 milhões.","2,2 milhões.","210.000 mil.","Cristã.","Religião étinca(espiritismos afro-brasileiro)","Uruguaios brancos (86,9%), italianos (2,6%), afro-uruguaios (1,8%), galicianos (1,2%), argentinos brancos (0,9%), espanhóis (0,9%), alemães (0,9%). Os ameríndios charrua (povo nativo) foram destruídos depois da chegada dos conquistadores espanhóis.","Espanhol.","12.","Padrão de vida elevado para a América Latina. Sistema de saúde amplo e caro. Pouca indústria, mas bons suprimentos de água e recursos minerais em potencial. Grandemente afetado pelas economias vizinhas maiores.","Independente da Espanha desde 1828. Governo democrático com liberdades civis na maioria dos anos desde então.","1-  O Uruguai tem a sociedade mais secular da América do Sul. Ore para que o Espírito Santo exponha os enganos religiosos e derrote os poderes demoníacos por trás deles; 2- O Uruguai resistiu ao evangelho por muito tempo, mas houve mudanças nos últimos vinte anos. Ore para que a colheita continue e que pastores e líderes piedosos se disponham a discipular os novos convertidos e as novas igrejas. Os cerca de 20 seminários e escolas bíblicas devem ajudar a atender a essa demanda. 3- Missionários para o Uruguai e do Uruguai. Agradeça ao Senhor pelos lantadores de igrejas que vêm de outros países da América Latina. Ore para que trabalhadores estrangeiros sirvam às novas igrejas uruguaias com respeito pela cultura singular e pelo povo uruguaio. Ore por um vibrante movimento de envio de missionários do Uruguai!; 4- Ore pelos menos alcançados. Comunidades de judeus, chineses, japoneses e palestinos têm poucos crentes e pouco evangelismo entre elas. Ore para que muitas igrejas novas alcancem os pobres. O maior grupo não evangelizado é provavelmente a classe alta na costa de Montevidéu. Sua riqueza os isola do evangelho. Ore para que o Senhor use sua Igreja para transformar a sociedadeuruguaia, para a glória dele. ","-","Mandryk, Jason; Molly Wall (org.). Ore pelas nações: um guia completo de missões e intercessão pelo mundo. 1° ed. São Paulo: Mundo Cristão, 2017. [Trad. de Emirson Justino]","Uruguay","https://flagcdn.com/w320/uy.png"
"Venezuela","Caracas.","América.","29 milhões.","24,6 milhões.","3,1 milhões.","Cristã.","Sem religião.","Hispânicos (96,5%), outros de etnias da Europa, do Oriente Médio e da Ásia (2,7%), ameríndios (1,8%).","Espanhol.","47.","É o quarto maior produtor de petróleo do mundo. Ainda assim, o país sofre com cortes de energia. Há inflação alta e desemprego. Grande investimento em estruturas sociais deve com o tempo beneficiar os pobres.","Independente da Espanha desde 1821 (como parte da Grã-Colômbia). Estado separado em 1830. Passou por revoluções e ditaduras cruéis até 1958. Foi uma democracia estável de 1958 até o golpe de 1998, liderado por Hugo Chávez. Governo socialista autoritário desde então, com apoio de líderes antiocidentais.","1- A Venezuela é instável e profundamente dividida. Ore por políticas sensíveis que fortaleçam a nação e que também lutem por paz em casa e no exterior. Ore para que a maioria dos necessitados receba os cuidados devidos; 2-  Forças espirituais batalham na Venezuela. Ricos e pobres visitam feiticeiros nos milhares de lojas espíritas e ocultistas. Uma seita animista (Maria Lionza) tem 500.000 seguidores. Satanistas tentam ativamente destruir a Igreja. Caracas tem a maior mesquita da América Latina.Ore para que o Espírito Santo destrua todos os poderes que cegam os venezuelanos para a Verdade e revele Cristo a todos; 3- Os crentes precisam se comprometer com o discipulado e com escolhas sábias para enfrentar a pobreza, as dificuldades políticas e a batalha espiritual. Louve a Deus pela cooperação entre as igrejas ser maior que antes. A Igreja precisa de unidade para enfrentar a oposição. Ore para que o Senhor abençoe a visão de missões da Igreja, especialmente entre os jovens interessados; 4- O ministério evangélico aos 30 povos tribais ameríndios encontrou oposição de antropólogos, de políticos, do governo e de alguns padres católicos. Ore para que todos os povos ameríndios ouçam o evangelho e as igrejas alcancem as tribos menos evangelizadas. Ore também para que os venezuelanos levem adiante a obra deixada pelos estrangeiros; 5- Ore ainda pela evangelização em outras partes da sociedade. *Cidades. Caracas, a capital, é uma das áreas menos alcançadas. Gangues ou traficantes controlam áreas inteiras da cidade. *Prisioneiros vivem em prisões superlotadas sob condições brutais. Sofrem tortura e violência. Ore pela segurança dos novos convertidos na prisão e por seu crescimento espiritual. *A comunidade árabe (mais de 130.000) é proeminente no comércio. *Grupos de imigrantes ocidentais como italianos, portugueses e espanhóis praticamente não têm crentes evangélicos ou evangelismo em seu meio. ","-","Mandryk, Jason; Molly Wall (org.). Ore pelas nações: um guia completo de missões e intercessão pelo mundo. 1° ed. São Paulo: Mundo Cristão, 2017. [Trad. de Emirson Justino]","Venezuela","https://flagcdn.com/w320/ve.png"